stall_id,stall_name,food_id,food_name,food_price,food_categories
01,CHUVEG,1,Assorted Churros 4pcs,₱49.00,Snack
01,CHUVEG,2,Assorted Churros 8pcs,₱89.00,Snack
01,CHUVEG,3,Carrot Based Churros 8pcs,₱89.00,Snack
01,CHUVEG,4,Carrot-Based Churros 4pcs,₱49.00,Snack
01,CHUVEG,5,Squash-Based Churros 4pcs,₱49.00,Snack
01,CHUVEG,6,Squash-Based Churros 8pcs,₱89.00,Snack
02,SariSip & Crunch / WhatToFudge,7,Berry Fudgy,₱35.00,Snack
02,SariSip & Crunch / WhatToFudge,8,Classic Fudge,₱30.00,Snack
02,SariSip & Crunch / WhatToFudge,9,Fudgin' Nuts,₱30.00,Snack
02,SariSip & Crunch / WhatToFudge,10,Fudgy Banana,₱25.00,Snack
02,SariSip & Crunch / WhatToFudge,11,Veggie Chips ,₱30.00,Snack
02,SariSip & Crunch / WhatToFudge,12,Veggie Chips + Cucumber Spark Yakult,₱85.00,"Snack, Beverage, Cold"
02,SariSip & Crunch / WhatToFudge,13,Veggie Chips + Mango Spark Yakult,₱85.00,"Snack, Beverage, Cold"
03,TRINAS SIZZLING,14,Bangus Sisig,₱75.00,"Rice Meal, Hot"
03,TRINAS SIZZLING,15,BBQ Sisig,₱75.00,"Rice Meal, Hot"
03,TRINAS SIZZLING,16,Pork Sisig,₱75.00,"Rice Meal, Hot"
03,TRINAS SIZZLING,17,Liempo Sisig,₱75.00,"Rice Meal, Hot"
03,TRINAS SIZZLING,18,Beef Sisig,₱75.00,"Rice Meal, Hot"
03,TRINAS SIZZLING,19,Chicken Sisig,₱75.00,"Rice Meal, Hot"
03,TRINAS SIZZLING,20,Chicken Pops w/ Rice Sriracha,₱75.00,"Rice Meal, Hot"
03,TRINAS SIZZLING,21,Cheese Balls,₱20.00,"Snack, Hot"
03,TRINAS SIZZLING,22,Flavored French Fries,₱50.00,"Snack, Hot"
03,TRINAS SIZZLING,23,Pork Steak,₱75.00,"Rice Meal, Hot"
03,TRINAS SIZZLING,24,Pork Menudo,₱75.00,"Rice Meal, Hot"
03,TRINAS SIZZLING,25,Chicken Adobo,₱75.00,"Rice Meal, Hot"
03,TRINAS SIZZLING,26,Liempo Ihaw,₱75.00,"Rice Meal, Hot"
03,TRINAS SIZZLING,27,Chicken Lemon,₱75.00,"Rice Meal, Hot"
03,TRINAS SIZZLING,28,Crispy Pork Tonkatsu,₱75.00,"Rice Meal, Hot"
03,TRINAS SIZZLING,29,Korean Fried Chicken,₱75.00,"Rice Meal, Hot"
03,TRINAS SIZZLING,30,Crispy Enoki Mushroom w/ Rice,₱50.00,"Rice Meal, Hot"
03,TRINAS SIZZLING,31,Crispy Enoki Mushroom w/o Rice,₱35.00,"Rice Meal, Hot"
03,TRINAS SIZZLING,32,Rice Toppings,₱45.00,"Rice Meal, Hot"
06,PEPPER'S Food Stall,33,Beef,₱70.00,"Rice Meal, Hot"
06,PEPPER'S Food Stall,34,Chicken Cajun,₱60.00,"Rice Meal, Hot"
06,PEPPER'S Food Stall,35,Classic Crunchy Bar,₱35.00,"Snack, Cold"
06,PEPPER'S Food Stall,36,Creamstick,₱28.00,"Snack, Cold"
06,PEPPER'S Food Stall,37,Dessert Bar,₱22.00,"Snack, Cold"
06,PEPPER'S Food Stall,38,Fiesta ICs,₱30.00,"Snack, Cold"
06,PEPPER'S Food Stall,39,Gusto Ko 2,₱20.00,"Snack, Cold"
06,PEPPER'S Food Stall,40,Ham Fried Rice,₱55.00,"Rice Meal, Hot"
06,PEPPER'S Food Stall,41,Hernz 850mL,₱150.00,"Snack, Cold"
06,PEPPER'S Food Stall,42,Hotdog Fried Rice,₱55.00,"Rice Meal, Hot"
06,PEPPER'S Food Stall,43,Ice Lolly ,₱15.00,"Snack, Cold"
06,PEPPER'S Food Stall,44,Premium Buko Salad,₱30.00,"Snack, Cold"
06,PEPPER'S Food Stall,45,Seafood,₱80.00,"Rice Meal, Hot"
06,PEPPER'S Food Stall,46,Sundae Cup,₱18.00,"Snack, Cold"
08,Kape Kuripot,47,Kape Matcha,₱48.00,"Beverage, Cold"
08,Kape Kuripot,48,Kape Latte,₱43.00,"Beverage, Cold"
08,Kape Kuripot,49,Kape Chocolate,₱38.00,"Beverage, Cold"
08,Kape Kuripot,50,Kape Vanilla,₱38.00,"Beverage, Cold"
08,Kape Kuripot,51,Kape Caramel,₱38.00,"Beverage, Cold"
08,Kape Kuripot,52,Kape Hazelnut,₱38.00,"Beverage, Cold"
08,Kape Kuripot,53,Kape Seasalt,₱48.00,"Beverage, Cold"
09,Master Siomai / Potato Corner,54,Chicken Siomai Rice Bowl,₱47.00,"Rice Meal, Hot"
09,Master Siomai / Potato Corner,55,Gulaman,₱15.00,"Beverage, Cold"
09,Master Siomai / Potato Corner,56,Sharksfin Siomai Rice Bowl,₱50.00,"Rice Meal, Hot"
09,Master Siomai / Potato Corner,57,Pork & Shrimp Siomai Rice Bowl,₱47.00,"Rice Meal, Hot"
09,Master Siomai / Potato Corner,58,Japanese Siomai Rice Bowl,₱56.00,"Rice Meal, Hot"
09,Master Siomai / Potato Corner,59,Beef Siomai Rice Bowl,₱50.00,"Rice Meal, Hot"
09,Master Siomai / Potato Corner,60,Regular Flavored Fries ,₱41.00,"Snack, Hot"
09,Master Siomai / Potato Corner,61,Large Flavored Fries,₱67.00,"Snack, Hot"
09,Master Siomai / Potato Corner,62,Jumbo Flavored Fries,₱97.00,"Snack, Hot"
09,Master Siomai / Potato Corner,63,Mega Flavored Fries,₱127.00,"Snack, Hot"
09,Master Siomai / Potato Corner,64,Giga Flavored Fries,₱198.00,"Snack, Hot"
09,Master Siomai / Potato Corner,65,Tera Flavored Fries,₱228.00,"Snack, Hot"
09,Master Siomai / Potato Corner,66,Solo Crunchy Chicken Pops,₱75.00,"Snack, Hot"
09,Master Siomai / Potato Corner,67,Large Crunchy Chicken Pops,₱95.00,"Snack, Hot"
09,Master Siomai / Potato Corner,68,Mega Crunchy Chicken Pops,₱199.00,"Snack, Hot"
09,Master Siomai / Potato Corner,69,Large Loopys,₱75.00,"Rice Meal, Hot"
09,Master Siomai / Potato Corner,70,Mega Loopys,₱135.00,"Snack, Hot"
09,Master Siomai / Potato Corner,71,Tuna Siomai Rice Bowl,₱50.00,"Snack, Hot"
10,"BAGNET, BBQ, atbp.",72,Bagnet w/ Rice,₱70.00,"Rice Meal, Hot"
10,"BAGNET, BBQ, atbp.",73,BBQ (2 Sticks) w/ Rice,₱70.00,"Rice Meal, Hot"
10,"BAGNET, BBQ, atbp.",74,Grilled Hotdog w/ Rice,₱50.00,"Rice Meal, Hot"
10,"BAGNET, BBQ, atbp.",75,Naked Kare Kare Solo,₱99.00,"Rice Meal, Hot"
10,"BAGNET, BBQ, atbp.",76,Naked Kare Kare Big,₱120.00,"Rice Meal, Hot"
10,"BAGNET, BBQ, atbp.",77,Beef Samgyup,₱99.00,"Rice Meal, Hot"
10,"BAGNET, BBQ, atbp.",78,Chicken Pastil w/ Rice,₱60.00,"Rice Meal, Hot"
10,"BAGNET, BBQ, atbp.",79,Bagnet + BBQ w/ Rice,₱80.00,"Rice Meal, Hot"
10,"BAGNET, BBQ, atbp.",80,Grilled Hotdog w/ Rice,₱75.00,"Rice Meal, Hot"
10,"BAGNET, BBQ, atbp.",81,Chicken Poppers w/ Rice B1G1,₱90.00,"Rice Meal, Hot"
10,"BAGNET, BBQ, atbp.",82,Chicken Poppers w/ Rice Solo,₱55.00,"Rice Meal, Hot"
10,"BAGNET, BBQ, atbp.",83,Beef Enoki on Stick (5pcs) w/ Yakitori Sauce and Cheese,₱55.00,"Snack, Hot"
10,"BAGNET, BBQ, atbp.",84,Beef Enoki w/ Rice (5pcs) w/ Yakitori Sauce and Cheese,₱75.00,"Rice Meal, Hot"
10,"BAGNET, BBQ, atbp.",85,Pork Sisig w/ Rice ,₱70.00,"Rice Meal, Hot"
11,CUADRO DE J,86,Beef Pepper Rice B1T1,₱119.00,"Rice Meal, Hot"
11,CUADRO DE J,87,Shawarma Rice,₱99.00,"Rice Meal, Hot"
11,CUADRO DE J,88,Pad Kra Pao,₱119.00,"Rice Meal, Hot"
11,CUADRO DE J,89,Meatballs w/ Chao fan,₱70.00,"Rice Meal, Hot"
11,CUADRO DE J,90,Hotdog w/ Chao fan,₱70.00,"Rice Meal, Hot"
11,CUADRO DE J,91,Embotido w/ Chao fan,₱70.00,"Rice Meal, Hot"
11,CUADRO DE J,92,Shanghai w/ Chao fan,₱70.00,"Rice Meal, Hot"
11,CUADRO DE J,93,Longganisa w/ Chao fan,₱70.00,"Rice Meal, Hot"
11,CUADRO DE J,94,Maling w/ Chao fan,₱70.00,"Rice Meal, Hot"
11,CUADRO DE J,95,Tofu Sisig w/ Chao fan,₱80.00,"Rice Meal, Hot"
11,CUADRO DE J,96,Burger Steak w/ Chao fan,₱80.00,"Rice Meal, Hot"
11,CUADRO DE J,97,Siomai w/ Chao fan,₱80.00,"Rice Meal, Hot"
12,Fresh Fruits Juices and Smoothies,98,Lemonade M,₱25.00,"Beverage, Cold"
12,Fresh Fruits Juices and Smoothies,99,Lemonade L,₱35.00,"Beverage, Cold"
12,Fresh Fruits Juices and Smoothies,100,Cucumber M,₱25.00,"Beverage, Cold"
12,Fresh Fruits Juices and Smoothies,101,Cucumber L,₱35.00,"Beverage, Cold"
12,Fresh Fruits Juices and Smoothies,102,Watermelon M ,₱25.00,"Beverage, Cold"
12,Fresh Fruits Juices and Smoothies,103,Watermelon L,₱35.00,"Beverage, Cold"
12,Fresh Fruits Juices and Smoothies,104,Lemon Apple M ,₱25.00,"Beverage, Cold"
12,Fresh Fruits Juices and Smoothies,105,Lemon Apple L,₱25.00,"Beverage, Cold"
12,Fresh Fruits Juices and Smoothies,106,Melon M,₱35.00,"Beverage, Cold"
12,Fresh Fruits Juices and Smoothies,107,Melon L,₱45.00,"Beverage, Cold"
12,Fresh Fruits Juices and Smoothies,108,Mango Milk M ,₱35.00,"Beverage, Cold"
12,Fresh Fruits Juices and Smoothies,109,Mango Milk L,₱45.00,"Beverage, Cold"
13,Fudbook KITCHENETTE,110,Sisig Rice,₱70.00,"Rice Meal, Hot"
13,Fudbook KITCHENETTE,111,"Buy 1, Take 1 Burger",₱30.00,"Snack, Hot"
13,Fudbook KITCHENETTE,112,Siomai Rice 4pcs,₱35.00,"Rice Meal, Hot"
13,Fudbook KITCHENETTE,113,Fruit Shake M,₱55.00,"Beverage, Cold"
13,Fudbook KITCHENETTE,114,Fruit Shake L,₱60.00,"Beverage, Cold"
13,Fudbook KITCHENETTE,115,Lemonade M,₱20.00,"Beverage, Cold"
13,Fudbook KITCHENETTE,116,Lemonade L,₱25.00,"Beverage, Cold"
13,Fudbook KITCHENETTE,117,Lemonade XL,₱40.00,"Beverage, Cold"
13,Fudbook KITCHENETTE,118,Lychee Juice M,₱20.00,"Beverage, Cold"
13,Fudbook KITCHENETTE,119,Lychee Juice L,₱25.00,"Beverage, Cold"
13,Fudbook KITCHENETTE,120,Lychee Juice XL,₱40.00,"Beverage, Cold"
13,Fudbook KITCHENETTE,121,Melon Juice M,₱20.00,"Beverage, Cold"
13,Fudbook KITCHENETTE,122,Melon Juice L,₱25.00,"Beverage, Cold"
13,Fudbook KITCHENETTE,123,Melon Juice XL,₱40.00,"Beverage, Cold"
13,Fudbook KITCHENETTE,124,Milo M,₱20.00,"Beverage, Cold"
13,Fudbook KITCHENETTE,125,Milo L,₱25.00,"Beverage, Cold"
13,Fudbook KITCHENETTE,126,Milo XL,₱40.00,"Beverage, Cold"
13,Fudbook KITCHENETTE,127,Lemon Ice Tea M,₱20.00,"Beverage, Cold"
13,Fudbook KITCHENETTE,128,Lemon Ice Tea L,₱25.00,"Beverage, Cold"
13,Fudbook KITCHENETTE,129,Lemon Ice Tea XL,₱40.00,"Beverage, Cold"
13,Fudbook KITCHENETTE,130,Red Tea Juice M,₱20.00,"Beverage, Cold"
13,Fudbook KITCHENETTE,131,Red Tea Juice L,₱25.00,"Beverage, Cold"
13,Fudbook KITCHENETTE,132,Red Tea Juice XL,₱40.00,"Beverage, Cold"
13,Fudbook KITCHENETTE,133,Mango Juice M,₱20.00,"Beverage, Cold"
13,Fudbook KITCHENETTE,134,Mango Juice L,₱25.00,"Beverage, Cold"
13,Fudbook KITCHENETTE,135,Mango Juice XL,₱40.00,"Beverage, Cold"
13,Fudbook KITCHENETTE,136,Egg Sandwich,₱30.00,"Snack, Hot"
13,Fudbook KITCHENETTE,137,Egg Sandwich w/ Cheese,₱35.00,"Snack, Hot"
13,Fudbook KITCHENETTE,138,Ham Sandwich,₱30.00,"Snack, Hot"
13,Fudbook KITCHENETTE,139,Fried Noodles w/ Siomai,₱50.00,
13,Fudbook KITCHENETTE,140,Siomai Rice,₱40.00,"Rice Meal, Hot"
13,Fudbook KITCHENETTE,141,Burgersilog,₱60.00,"Rice Meal, Hot"
13,Fudbook KITCHENETTE,142,Burger Steak 1pc w/ Rice,₱40.00,"Rice Meal, Hot"
13,Fudbook KITCHENETTE,143,Burger Steak 2pcs w/ Rice ,₱60.00,"Rice Meal, Hot"
13,Fudbook KITCHENETTE,144,Burger Patties 1pc w/ Gravy,₱25.00,"Rice Meal, Hot"
13,Fudbook KITCHENETTE,145,Burger Patties 2pcs w/ Gravy,₱50.00,"Rice Meal, Hot"
13,Fudbook KITCHENETTE,146,Hamsilog,₱60.00,"Rice Meal, Hot"
13,Fudbook KITCHENETTE,147,Longsilog,₱60.00,"Rice Meal, Hot"
13,Fudbook KITCHENETTE,148,Malingsilog,₱60.00,"Rice Meal, Hot"
13,Fudbook KITCHENETTE,149,Hotsilog,₱65.00,"Rice Meal, Hot"
13,Fudbook KITCHENETTE,150,Sisigsilog,₱75.00,"Rice Meal, Hot"
13,Fudbook KITCHENETTE,151,Rice,₱15.00,"Rice Meal, Hot"
13,Fudbook KITCHENETTE,152,Boiled Egg,₱15.00,"Rice Meal, Hot"
13,Fudbook KITCHENETTE,153,Siomai 3pcs,₱20.00,"Rice Meal, Hot"
13,Fudbook KITCHENETTE,154,Fried Rice w/ Egg,₱40.00,"Rice Meal, Hot"
13,Fudbook KITCHENETTE,155,Siomai Silog ,₱55.00,"Rice Meal, Hot"
14,Rewandas Eatery,156,Red Iced Tea S,₱20.00,"Beverage, Cold"
14,Rewandas Eatery,157,Red Iced Tea M,₱35.00,"Beverage, Cold"
14,Rewandas Eatery,158,Red Iced Tea L,₱45.00,"Beverage, Cold"
14,Rewandas Eatery,159,Red Iced Tea 1L,₱50.00,"Beverage, Cold"
14,Rewandas Eatery,160,Iced Lemon Tea S,₱20.00,"Beverage, Cold"
14,Rewandas Eatery,161,Iced Lemon Tea M,₱35.00,"Beverage, Cold"
14,Rewandas Eatery,162,Iced Lemon Tea L,₱45.00,"Beverage, Cold"
14,Rewandas Eatery,163,Iced Lemon Tea 1L,₱50.00,"Beverage, Cold"
14,Rewandas Eatery,164,Fresh Melon w/ Milk S,₱25.00,"Beverage, Cold"
14,Rewandas Eatery,165,Fresh Melon w/ Milk M,₱35.00,"Beverage, Cold"
14,Rewandas Eatery,166,Fresh Melon w/ Milk L,₱45.00,"Beverage, Cold"
14,Rewandas Eatery,167,Fresh Melon w/ Milk 1L,₱50.00,"Beverage, Cold"
14,Rewandas Eatery,168,Mango Tapioca S,₱25.00,"Beverage, Cold"
14,Rewandas Eatery,169,Mango Tapioca M,₱35.00,"Beverage, Cold"
14,Rewandas Eatery,170,Mango Tapioca L,₱45.00,"Beverage, Cold"
14,Rewandas Eatery,171,Mango Tapioca 1L,₱60.00,"Beverage, Cold"
14,Rewandas Eatery,172,Strawberry Tapioca S,₱25.00,"Beverage, Cold"
14,Rewandas Eatery,173,Strawberry Tapioca M,₱35.00,"Beverage, Cold"
14,Rewandas Eatery,174,Strawberry Tapioca L,₱45.00,"Beverage, Cold"
14,Rewandas Eatery,175,Strawberry Tapioca 1L,₱60.00,"Beverage, Cold"
14,Rewandas Eatery,176,Milky Watermelon S,₱25.00,"Beverage, Cold"
14,Rewandas Eatery,177,Milky Watermelon M,₱35.00,"Beverage, Cold"
14,Rewandas Eatery,178,Milky Watermelon L,₱45.00,"Beverage, Cold"
14,Rewandas Eatery,179,Milky Watermelon 1L,₱60.00,"Beverage, Cold"
14,Rewandas Eatery,180,Mango Fruitmilk S,₱39.00,"Beverage, Cold"
14,Rewandas Eatery,181,Mango Fruitmilk M,₱49.00,"Beverage, Cold"
14,Rewandas Eatery,182,Mango Fruitmilk L,₱59.00,"Beverage, Cold"
14,Rewandas Eatery,183,Blueberry Fruitmilk S,₱39.00,"Beverage, Cold"
14,Rewandas Eatery,184,Blueberry Fruitmilk M,₱49.00,"Beverage, Cold"
14,Rewandas Eatery,185,Blueberry Fruitmilk L,₱59.00,"Beverage, Cold"
14,Rewandas Eatery,186,Strawberry Fruitmilk S,₱39.00,"Beverage, Cold"
14,Rewandas Eatery,187,Strawberry Fruitmilk M,₱49.00,"Beverage, Cold"
14,Rewandas Eatery,188,Strawberry Fruitmilk L,₱59.00,"Beverage, Cold"
14,Rewandas Eatery,189,Flavored Fruit Soda M,₱39.00,"Beverage, Cold"
14,Rewandas Eatery,190,Flavored Fruit Soda L,₱50.00,"Beverage, Cold"
14,Rewandas Eatery,191,Iced Coffee S,₱25.00,"Beverage, Cold"
14,Rewandas Eatery,192,Iced Coffee M,₱35.00,"Beverage, Cold"
14,Rewandas Eatery,193,Iced Coffee L,₱45.00,"Beverage, Cold"
14,Rewandas Eatery,194,Iced Coffee 1L,₱60.00,"Beverage, Cold"
14,Rewandas Eatery,195,Matcha S,₱25.00,"Beverage, Cold"
14,Rewandas Eatery,196,Matcha M,₱35.00,"Beverage, Cold"
14,Rewandas Eatery,197,Matcha L,₱45.00,"Beverage, Cold"
14,Rewandas Eatery,198,Matcha 1L,₱60.00,"Beverage, Cold"
14,Rewandas Eatery,199,Milo Cream-O S,₱25.00,"Beverage, Cold"
14,Rewandas Eatery,200,Milo Cream-O M,₱35.00,"Beverage, Cold"
14,Rewandas Eatery,201,Milo Cream-O L,₱45.00,"Beverage, Cold"
14,Rewandas Eatery,202,Milo Cream-O 1L,₱60.00,"Beverage, Cold"
14,Rewandas Eatery,203,Mango Graham S,₱25.00,"Beverage, Cold"
14,Rewandas Eatery,204,Mango Graham M,₱35.00,"Beverage, Cold"
14,Rewandas Eatery,205,Mango Graham L,₱45.00,"Beverage, Cold"
14,Rewandas Eatery,206,Mango Graham 1L,₱60.00,"Beverage, Cold"
14,Rewandas Eatery,207,Lychee w/ Nata S,₱20.00,"Beverage, Cold"
14,Rewandas Eatery,208,Lychee w/ Nata M,₱35.00,"Beverage, Cold"
14,Rewandas Eatery,209,Lychee w/ Nata L,₱45.00,"Beverage, Cold"
14,Rewandas Eatery,210,Lychee w/ Nata 1L,₱50.00,"Beverage, Cold"
14,Rewandas Eatery,211,Cucumber Lemonade S,₱20.00,"Beverage, Cold"
14,Rewandas Eatery,212,Cucumber Lemonade M,₱35.00,"Beverage, Cold"
14,Rewandas Eatery,213,Cucumber Lemonade L,₱45.00,"Beverage, Cold"
14,Rewandas Eatery,214,Cucumber Lemonade 1L,₱50.00,"Beverage, Cold"
15,Puroy's Eatery,215,Bacon,₱60.00,"Rice Meal, Hot"
15,Puroy's Eatery,216,Burger Steak,₱55.00,"Rice Meal, Hot"
15,Puroy's Eatery,217,Cheese Hungarian Sausage w/ Rice,₱69.00,"Rice Meal, Hot"
15,Puroy's Eatery,218,Cheese Sticks 8pcs,₱25.00,"Street Food, Hot"
15,Puroy's Eatery,219,Corndog,₱30.00,"Street Food, Hot"
15,Puroy's Eatery,220,Corndog w/ Cheese,₱35.00,"Street Food, Hot"
15,Puroy's Eatery,221,Dragon Fruit L,₱45.00,"Beverage, Cold"
15,Puroy's Eatery,222,Dragon Fruit M,₱35.00,"Beverage, Cold"
15,Puroy's Eatery,223,Dragon Fruit S,₱25.00,"Beverage, Cold"
15,Puroy's Eatery,224,Dynamite,₱25.00,"Street Food, Hot"
15,Puroy's Eatery,225,Fishballs 10pcs,₱20.00,"Street Food, Hot"
15,Puroy's Eatery,226,French Fries L,₱60.00,"Snack, Hot"
15,Puroy's Eatery,227,French Fries S,₱35.00,"Snack, Hot"
15,Puroy's Eatery,228,Fruit Shake 16oz,₱75.00,"Beverage, Cold"
15,Puroy's Eatery,229,Fruit Shake 22oz,₱85.00,"Beverage, Cold"
15,Puroy's Eatery,230,Ham,₱55.00,"Rice Meal, Hot"
15,Puroy's Eatery,231,Hot Coffee,₱15.00,"Beverage, Hot"
15,Puroy's Eatery,232,Hotdog,₱55.00,"Rice Meal, Hot"
15,Puroy's Eatery,233,Iced Coffee,₱30.00,
15,Puroy's Eatery,234,Iced Coffee L,₱45.00,"Beverage, Cold"
15,Puroy's Eatery,235,Iced Coffee M,₱35.00,"Beverage, Cold"
15,Puroy's Eatery,236,Iced Coffee S,₱25.00,"Beverage, Cold"
15,Puroy's Eatery,237,Iced Fudge 16oz,₱60.00,
15,Puroy's Eatery,238,Kikiam 10pcs,₱25.00,"Street Food, Hot"
15,Puroy's Eatery,239,Kwek Kwek 4pcs,₱25.00,"Street Food, Hot"
15,Puroy's Eatery,240,Lemonade 16oz,₱25.00,"Beverage, Cold"
15,Puroy's Eatery,241,Lemonade 22oz,₱35.00,"Beverage, Cold"
15,Puroy's Eatery,242,Lumpiang Toge,₱25.00,"Street Food, Hot"
15,Puroy's Eatery,243,Luncheon Meat ,₱55.00,"Rice Meal, Hot"
15,Puroy's Eatery,244,Mais Con Yelo,₱40.00,"Beverage, Cold"
15,Puroy's Eatery,245,Mango Tapioca,₱50.00,"Beverage, Cold"
15,Puroy's Eatery,246,Milo Oreo L,₱45.00,"Beverage, Cold"
15,Puroy's Eatery,247,Milo Oreo M,₱35.00,"Beverage, Cold"
15,Puroy's Eatery,248,Milo Oreo S,₱25.00,"Beverage, Cold"
15,Puroy's Eatery,249,Nata Con Yelo,₱40.00,
15,Puroy's Eatery,250,Nuggets,₱55.00,"Rice Meal, Hot"
15,Puroy's Eatery,251,Pancake,₱35.00,"Snack, Hot"
15,Puroy's Eatery,252,Pancit Canton,₱30.00,"Snack, Hot"
15,Puroy's Eatery,253,Plain Hungarian Sausage w/ Rice,₱64.00,"Rice Meal, Hot"
15,Puroy's Eatery,254,Real Fruit Avocado L,₱45.00,"Beverage, Cold"
15,Puroy's Eatery,255,Real Fruit Avocado M,₱35.00,"Beverage, Cold"
15,Puroy's Eatery,256,Real Fruit Avocado S,₱25.00,"Beverage, Cold"
15,Puroy's Eatery,257,Real Fruit Mango L,₱45.00,"Beverage, Cold"
15,Puroy's Eatery,258,Real Fruit Mango M,₱35.00,"Beverage, Cold"
15,Puroy's Eatery,259,Real Fruit Mango S,₱25.00,"Beverage, Cold"
15,Puroy's Eatery,260,Sausage Bacon Wrap,₱55.00,"Rice Meal, Hot"
15,Puroy's Eatery,261,Skinless Longganisa ,₱55.00,"Rice Meal, Hot"
15,Puroy's Eatery,262,Squid Balls 4pcs,₱20.00,"Street Food, Hot"
15,Puroy's Eatery,263,Tokneneng,₱25.00,"Street Food, Hot"
15,Puroy's Eatery,264,Tokwa 4pcs,₱20.00,"Street Food, Hot"
15,Puroy's Eatery,265,Veggie Balls 5pcs,₱20.00,"Street Food, Hot"
16,Flavors of Lagoon,266,Fried Noodles w/ Siomai,₱50.00,"Meal, Hot"
16,Flavors of Lagoon,267,Katsu Curry w/ Rice,₱80.00,"Rice Meal, Hot"
16,Flavors of Lagoon,268,Tteokbokki Fish Cake,₱25.00,"Snack, Hot"
16,Flavors of Lagoon,269,Garlic Wings,₱70.00,"Snack, Hot"
16,Flavors of Lagoon,270,Teriyaki Wings,₱70.00,"Snack, Hot"
16,Flavors of Lagoon,271,BBQ Wings,₱70.00,"Snack, Hot"
16,Flavors of Lagoon,272,Cheesy Regular Burger B1T1,₱40.00,"Snack, Hot"
16,Flavors of Lagoon,273,Cheesy Regular Burger Solo,₱25.00,"Snack, Hot"
16,Flavors of Lagoon,274,Cheesy Biggie Burger B1T1,₱75.00,"Snack, Hot"
16,Flavors of Lagoon,275,Cheesy Biggie Burger Solo,₱40.00,"Snack, Hot"
16,Flavors of Lagoon,276,Cheesy Biggy Bacon Burger,₱40.00,"Snack, Hot"
16,Flavors of Lagoon,277,Cheesy Regular Bacon Burger ,₱35.00,"Snack, Hot"
16,Flavors of Lagoon,278,Cheesy Jumbo Hotdog Sandwich,₱35.00,"Snack, Hot"
16,Flavors of Lagoon,279,Cheesy FEWA,₱65.00,"Snack, Hot"
16,Flavors of Lagoon,280,Footlong Sandwich w/ Cheese,₱45.00,"Snack, Hot"
16,Flavors of Lagoon,281,Biggy Tuna Sandwich ,₱40.00,"Snack, Hot"
16,Flavors of Lagoon,282,Regular Tuna Sandwich,₱25.00,"Snack, Hot"
16,Flavors of Lagoon,283,Biggy Chicken Sandwich ,₱40.00,"Snack, Hot"
16,Flavors of Lagoon,284,Regular Chicken Sandwich,₱25.00,"Snack, Hot"
16,Flavors of Lagoon,285,Biggy Egg Salad Sandwich,₱40.00,"Snack, Hot"
16,Flavors of Lagoon,286,Regular Egg Salad Sandwich,₱20.00,"Snack, Hot"
16,Flavors of Lagoon,287,Large Fries 200 Grams,₱48.00,"Snack, Hot"
16,Flavors of Lagoon,288,Fewa Meal w/ S Drink & L Fries,₱128.00,"Snack, Hot"
16,Flavors of Lagoon,289,Burger Meal w/ S Drink & L Fries,₱88.00,"Snack, Hot"
16,Flavors of Lagoon,290,Bacon Hotdog Rice,₱60.00,"Rice Meal, Hot"
16,Flavors of Lagoon,291,Combo Hotdog Rice,₱45.00,"Rice Meal, Hot"
16,Flavors of Lagoon,292,Combo Hotdog on Stick,₱30.00,"Snack, Hot"
17,WAFFLE TIME,293,Purefoods Waffle,₱35.00,"Snack, Hot"
17,WAFFLE TIME,294,Ham N' Cheese Waffle,₱32.00,"Snack, Hot"
17,WAFFLE TIME,295,Cheese Delite Waffle,₱25.00,"Snack, Hot"
17,WAFFLE TIME,296,American Hotdog Waffle,₱32.00,"Snack, Hot"
17,WAFFLE TIME,297,Tuna Salad Waffle,₱32.00,"Snack, Hot"
17,WAFFLE TIME,298,Cream Cheese Waffle,₱35.00,"Snack, Hot"
17,WAFFLE TIME,299,Tuna Cheesedog Waffle,₱32.00,"Snack, Hot"
17,WAFFLE TIME,300,Bavarian Cream Waffle,₱28.00,"Snack, Hot"
17,WAFFLE TIME,301,Deli Coconut Waffle,₱32.00,"Snack, Hot"
17,WAFFLE TIME,302,Ultimate Ube Waffle,₱26.00,"Snack, Hot"
17,WAFFLE TIME,303,Belgian Chocolate Waffle,₱30.00,"Snack, Hot"
17,WAFFLE TIME,304,Bacon & Cheese Waffle,₱35.00,"Snack, Hot"
17,WAFFLE TIME,305,German Cheese Franks Waffle,₱35.00,"Snack, Hot"
18,Lizas Eatery,306,Squeeze Lemonade Classic M,₱25.00,"Beverage, Cold"
18,Lizas Eatery,307,Squeeze Lemonade Classic L,₱35.00,"Beverage, Cold"
18,Lizas Eatery,308,Squeeze Lemonade Classic M w/ Yakult,₱40.00,"Beverage, Cold"
18,Lizas Eatery,309,Squeeze Lemonade Classic L w/ Yakult,₱50.00,"Beverage, Cold"
18,Lizas Eatery,310,Squeeze Lemonade Classic M w/ Cucumber,₱35.00,"Beverage, Cold"
18,Lizas Eatery,311,Squeeze Lemonade Classic L w/ Cucumber,₱45.00,"Beverage, Cold"
18,Lizas Eatery,312,Squeeze Lemonade Classic M w/ Watermelon,₱40.00,"Beverage, Cold"
18,Lizas Eatery,313,Squeeze Lemonade Classic L w/ Watermelon,₱50.00,"Beverage, Cold"
18,Lizas Eatery,314,Dumplings w/ Rice,₱69.00,"Rice Meal, Hot"
18,Lizas Eatery,315,Pork Siomai w/ Rice,₱69.00,"Rice Meal, Hot"
18,Lizas Eatery,316,Shanghai w/ Rice,₱69.00,"Rice Meal, Hot"
18,Lizas Eatery,317,Chicken Fillet w/ Rice,₱79.00,"Rice Meal, Hot"
18,Lizas Eatery,318,Shawarma Rice,₱79.00,"Rice Meal, Hot"
18,Lizas Eatery,319,Shawarma Pita Solo,₱49.00,"Snack, Hot"
18,Lizas Eatery,320,Shawarma Pita Meal,₱113.00,"Rice Meal, Hot"
18,Lizas Eatery,321,Shawarma Rice Meal,₱143.00,"Rice Meal, Hot"
18,Lizas Eatery,322,Egg Mayo,₱39.00,"Snack, Hot"
18,Lizas Eatery,323,Ham & Cheese,₱39.00,"Snack, Hot"
18,Lizas Eatery,324,Ham & Egg,₱39.00,"Snack, Hot"
18,Lizas Eatery,325,Tuna,₱39.00,"Snack, Hot"
18,Lizas Eatery,326,Chicken,₱39.00,"Snack, Hot"
18,Lizas Eatery,327,Siomai Rice,₱40.00,"Rice Meal, Hot"
18,Lizas Eatery,328,Fried Noodles w/ Siomai,₱50.00,"Snack, Hot"
18,Lizas Eatery,329,Hamburger B1T1,₱45.00,"Snack, Hot"
18,Lizas Eatery,330,Hamburger w/ Cheese B1T1,₱49.00,"Snack, Hot"
18,Lizas Eatery,331,Jumbo Purefoods Hotdog Sandwich,₱35.00,"Snack, Hot"
18,Lizas Eatery,332,Jumbo Purefoods Hotdog Sandwich w/ Cheese,₱40.00,"Snack, Hot"
18,Lizas Eatery,333,Ham Sandwich,₱40.00,"Snack, Hot"
18,Lizas Eatery,334,Ham Sandwich w/ Cheese,₱45.00,"Snack, Hot"
19,JIB FOOD AND BEVERAGE,335,Beef Tapa Rice Bowl,₱50.00,"Rice Meal, Hot"
19,JIB FOOD AND BEVERAGE,336,Chicken Onion Rings Rice Bowl,₱50.00,"Rice Meal, Hot"
19,JIB FOOD AND BEVERAGE,337,Cucumber lemonade L,₱40.00,"Beverage, Cold"
19,JIB FOOD AND BEVERAGE,338,Cucumber lemonade M,₱30.00,"Beverage, Cold"
19,JIB FOOD AND BEVERAGE,339,Cucumber lemonade S,₱20.00,"Beverage, Cold"
19,JIB FOOD AND BEVERAGE,340,Jumbo Pork Siomai with Rice,₱50.00,"Beverage, Cold"
19,JIB FOOD AND BEVERAGE,341,Lemon Berry L,₱40.00,"Beverage, Cold"
19,JIB FOOD AND BEVERAGE,342,Lemon Berry M,₱30.00,"Beverage, Cold"
19,JIB FOOD AND BEVERAGE,343,Lemon Berry S,₱20.00,"Beverage, Cold"
19,JIB FOOD AND BEVERAGE,344,Lemon Iced Tea L,₱40.00,"Beverage, Cold"
19,JIB FOOD AND BEVERAGE,345,Lemon Iced Tea M,₱30.00,"Beverage, Cold"
19,JIB FOOD AND BEVERAGE,346,Lemon Iced Tea S,₱20.00,"Beverage, Cold"
19,JIB FOOD AND BEVERAGE,347,Rice Chicken Pops,₱50.00,"Rice Meal, Hot"
19,JIB FOOD AND BEVERAGE,348,Flavoured Turon,₱30.00,"Snack, Hot"
20,4th J,349,"Buy 1, Take 1 Hamburger",₱45.00,"Snack, Hot"
20,4th J,350,"Buy 1, Take 1 Hamburger w/ Cheese",₱49.00,"Snack, Hot"
20,4th J,351,"Buy 1, Take 1 Purefoods Hotdog Sandwich",₱49.00,"Snack, Hot"
20,4th J,352,Egg Sandwich,₱30.00,"Snack, Hot"
20,4th J,353,Egg Sandwich w/ Cheese,₱35.00,"Snack, Hot"
20,4th J,354,Fresh Buko 500mL,₱55.00,"Beverage, Cold"
20,4th J,355,Fresh Buko L,₱40.00,"Beverage, Cold"
20,4th J,356,Fresh Buko M,₱30.00,"Beverage, Cold"
20,4th J,357,Ham Sandwich,₱30.00,"Snack, Hot"
20,4th J,358,Ham Sandwich w/ Cheese,₱35.00,"Snack, Hot"
20,4th J,359,Hungarian Sausage w/ Rice,₱65.00,"Rice Meal, Hot"
20,4th J,360,Milky Buko Shake 500mL,₱69.00,"Beverage, Cold"
20,4th J,361,Special FEWA,₱70.00,"Snack, Hot"
21,CUP OF TEA,362,Beef Tapa,₱70.00,"Rice Meal, Hot"
21,CUP OF TEA,363,Belgian Waffle,₱60.00,"Snack, Hot"
21,CUP OF TEA,364,Chicken Teriyaki,₱65.00,"Rice Meal, Hot"
21,CUP OF TEA,365,Coffee Buddy,₱50.00,"Beverage, Hot"
21,CUP OF TEA,366,Crispy Dinakdakan,₱70.00,"Rice Meal, Hot"
21,CUP OF TEA,367,Crispy Sisig,₱70.00,"Rice Meal, Hot"
21,CUP OF TEA,368,Frappe,₱120.00,"Beverage, Cold"
21,CUP OF TEA,369,Hot Barista,₱100.00,"Beverage, Hot"
21,CUP OF TEA,370,Iced Barista,₱120.00,"Beverage, Cold"
21,CUP OF TEA,371,Iced Barista V2,₱150.00,"Beverage, Cold"
21,CUP OF TEA,372,Lechon Kawali,₱70.00,"Rice Meal, Hot"
21,CUP OF TEA,373,Lugaw Plain,₱35.00,"Snack, Hot"
21,CUP OF TEA,374,Lugaw w/ Egg,₱45.00,"Snack, Hot"
21,CUP OF TEA,375,Lugaw w/ Laman,₱55.00,"Snack, Hot"
21,CUP OF TEA,376,Lugaw w/ Tokwa,₱45.00,"Snack, Hot"
21,CUP OF TEA,377,Refresher,₱50.00,"Beverage, Cold"
21,CUP OF TEA,378,Shawarma Rice,₱70.00,"Rice Meal, Hot"
21,CUP OF TEA,379,Sisig Tofu,₱65.00,"Rice Meal, Hot"
21,CUP OF TEA,380,Smoothie w/ Jelly,₱70.00,"Beverage, Cold"
21,CUP OF TEA,381,Steamed Big Siomai,₱60.00,"Rice Meal, Hot"
21,CUP OF TEA,382,Tea-Vana,₱100.00,"Beverage, Cold"
22,Chickenlicious FRIED CHICKEN,383,1pc Chicken w/ Rice,₱45.00,"Rice Meal, Hot"
22,Chickenlicious FRIED CHICKEN,384,1pc Chicken w/ Rice & Drinks,₱65.00,"Rice Meal, Hot"
22,Chickenlicious FRIED CHICKEN,385,2pcs Chicken w/ Rice,₱70.00,"Rice Meal, Hot"
22,Chickenlicious FRIED CHICKEN,386,2pcs Chicken w/ Rice & Drinks,₱90.00,"Rice Meal, Hot"
23,Mirese Ann Catering Services,387,Egg Rice,₱30.00,"Rice Meal, Hot"
23,Mirese Ann Catering Services,388,Ham w/ Rice,₱35.00,"Rice Meal, Hot"
23,Mirese Ann Catering Services,389,Ham w/ Rice w/ Egg,₱50.00,"Rice Meal, Hot"
23,Mirese Ann Catering Services,390,Hash Brown,₱25.00,"Rice Meal, Hot"
23,Mirese Ann Catering Services,391,Hungarian Rice,₱60.00,"Rice Meal, Hot"
23,Mirese Ann Catering Services,392,Omelette Rice,₱40.00,"Rice Meal, Hot"
23,Mirese Ann Catering Services,393,Sopas,₱35.00,"Rice Meal, Hot"
23,Mirese Ann Catering Services,394,Sopas w/ Egg,₱50.00,"Rice Meal, Hot"
23,Mirese Ann Catering Services,395,Tocino Rice,₱60.00,"Rice Meal, Hot"
23,Mirese Ann Catering Services,396,Tortang Talong w/ Rice,₱60.00,"Rice Meal, Hot"
23,Mirese Ann Catering Services,397,C2 Apple S,₱20.00,"Beverage, Cold"
23,Mirese Ann Catering Services,398,C2 Apple M,₱30.00,"Beverage, Cold"
23,Mirese Ann Catering Services,399,C2 Apple L,₱40.00,"Beverage, Cold"
23,Mirese Ann Catering Services,400,Lemonade S,₱20.00,"Beverage, Cold"
23,Mirese Ann Catering Services,401,Lemonade M,₱30.00,"Beverage, Cold"
23,Mirese Ann Catering Services,402,Lemonade L,₱40.00,"Beverage, Cold"
23,Mirese Ann Catering Services,403,Lemon Iced Tea S,₱20.00,"Beverage, Cold"
23,Mirese Ann Catering Services,404,Lemon Iced Tea M,₱30.00,"Beverage, Cold"
23,Mirese Ann Catering Services,405,Lemon Iced Tea L,₱40.00,"Beverage, Cold"
23,Mirese Ann Catering Services,406,Chocolate S,₱20.00,"Beverage, Cold"
23,Mirese Ann Catering Services,407,Chocolate M,₱30.00,"Beverage, Cold"
23,Mirese Ann Catering Services,408,Chocolate L,₱40.00,"Beverage, Cold"
23,Mirese Ann Catering Services,409,Avocado S,₱20.00,"Beverage, Cold"
23,Mirese Ann Catering Services,410,Avocado M,₱30.00,"Beverage, Cold"
23,Mirese Ann Catering Services,411,Avocado L,₱40.00,"Beverage, Cold"
23,Mirese Ann Catering Services,412,Sago't Gulaman S,₱20.00,"Beverage, Cold"
23,Mirese Ann Catering Services,413,Sago't Gulaman M,₱30.00,"Beverage, Cold"
23,Mirese Ann Catering Services,414,Sago't Gulaman L,₱40.00,"Beverage, Cold"
23,Mirese Ann Catering Services,415,Iced Coffee S,₱20.00,"Beverage, Cold"
23,Mirese Ann Catering Services,416,Iced Coffee M,₱30.00,"Beverage, Cold"
23,Mirese Ann Catering Services,417,Iced Coffee L,₱40.00,"Beverage, Cold"
23,Mirese Ann Catering Services,418,Siomai Rice ,₱35.00,"Rice Meal, Hot"
23,Mirese Ann Catering Services,419,Fish Fillet,₱35.00,"Rice Meal, Hot"
23,Mirese Ann Catering Services,420,Hotdog,₱35.00,"Rice Meal, Hot"
23,Mirese Ann Catering Services,421,Luncheon Meat,₱35.00,"Rice Meal, Hot"
23,Mirese Ann Catering Services,422,Burger Steak,₱35.00,"Rice Meal, Hot"
23,Mirese Ann Catering Services,423,Chicken Fillet,₱50.00,"Rice Meal, Hot"
23,Mirese Ann Catering Services,424,Hungarian Sausage,₱60.00,"Rice Meal, Hot"
23,Mirese Ann Catering Services,425,Pork Sisig,₱60.00,"Rice Meal, Hot"
23,Mirese Ann Catering Services,426,Lechon Paksiw,₱60.00,"Rice Meal, Hot"
23,Mirese Ann Catering Services,427,Fried Egg,₱15.00,Additional
23,Mirese Ann Catering Services,428,Chao Fan Rice Upgrade,₱15.00,Additional
24,David's Wings,429,Flavored Boneless Fried Chicken,₱65.00,"Rice Meal, Hot"
24,David's Wings,430,Chicken Wings 2pcs w/ Rice,₱75.00,"Rice Meal, Hot"
24,David's Wings,431,Chicken Wings 4pcs w/ Rice,₱139.00,"Rice Meal, Hot"
24,David's Wings,432,Ala-Carte 6pcs,₱205.00,"Snack, Hot"
24,David's Wings,433,Ala Carte 8 pcs,₱270.00,"Snack, Hot"
24,David's Wings,434,Ala Carte 12 pcs,₱408.00,"Snack, Hot"
24,David's Wings,435,To-Go Party Chicken WIngs 20pcs ,₱680.00,"Snack, Hot"
24,David's Wings,436,To-Go Party Chicken WIngs 30pcs ,"₱1,025.00","Snack, Hot"
24,David's Wings,437,To-Go Party Chicken WIngs 50pcs ,"₱1,710.00","Snack, Hot"
24,David's Wings,438,Iced Coffee 16oz,₱39.00,"Beverage, Cold"
24,David's Wings,439,Iced Coffee 22oz,₱49.00,"Beverage, Cold"
24,David's Wings,440,Latte Series 16oz,₱49.00,"Beverage, Cold"
24,David's Wings,441,Latte Series 22oz,₱59.00,"Beverage, Cold"
24,David's Wings,442,Milk Tea w/ Pearl 16oz,₱39.00,"Beverage, Cold"
24,David's Wings,443,Milk Tea w/ Pearl 22oz,₱49.00,"Beverage, Cold"
24,David's Wings,444,Fruit Series Tea w/ Fruit Jelly 16oz,₱39.00,"Beverage, Cold"
24,David's Wings,445,Fruit Series Tea w/ Fruit Jelly 22oz,₱49.00,"Beverage, Cold"
24,David's Wings,446,Fruit Series Soda w/ Fruit Jelly 16oz,₱49.00,"Beverage, Cold"
24,David's Wings,447,Fruit Series Soda w/ Fruit Jelly 22oz,₱59.00,"Beverage, Cold"
24,David's Wings,448,Frappe w/ Whipped Cream 16oz,₱59.00,"Beverage, Cold"
25,Mama Thess Food Corner,449,Green Apple Soda S,₱20.00,"Beverage, Cold"
25,Mama Thess Food Corner,450,Green Apple Soda M,₱25.00,"Beverage, Cold"
25,Mama Thess Food Corner,451,Green Apple Soda L,₱40.00,"Beverage, Cold"
25,Mama Thess Food Corner,452,Milo Cream-O S,₱20.00,"Beverage, Cold"
25,Mama Thess Food Corner,453,Milo Cream-O M,₱25.00,"Beverage, Cold"
25,Mama Thess Food Corner,454,Milo Cream-O L,₱40.00,"Beverage, Cold"
25,Mama Thess Food Corner,455,C2 Apple S,₱20.00,"Beverage, Cold"
25,Mama Thess Food Corner,456,C2 Apple M,₱25.00,"Beverage, Cold"
25,Mama Thess Food Corner,457,C2 Apple L,₱40.00,"Beverage, Cold"
25,Mama Thess Food Corner,458,Mango Tapioca S,₱25.00,"Beverage, Cold"
25,Mama Thess Food Corner,459,Mango Tapioca M,₱30.00,"Beverage, Cold"
25,Mama Thess Food Corner,460,Mango Tapioca L,₱40.00,"Beverage, Cold"
25,Mama Thess Food Corner,461,Lemon Iced Tea S,₱20.00,"Beverage, Cold"
25,Mama Thess Food Corner,462,Lemon Iced Tea M,₱25.00,"Beverage, Cold"
25,Mama Thess Food Corner,463,Lemon Iced Tea L,₱40.00,"Beverage, Cold"
25,Mama Thess Food Corner,464,Mango Iced Tea S,₱20.00,"Beverage, Cold"
25,Mama Thess Food Corner,465,Mango Iced Tea M,₱25.00,"Beverage, Cold"
25,Mama Thess Food Corner,466,Mango Iced Tea L,₱40.00,"Beverage, Cold"
25,Mama Thess Food Corner,467,Cucumber Lemonade S,₱20.00,"Beverage, Cold"
25,Mama Thess Food Corner,468,Cucumber Lemonade M,₱25.00,"Beverage, Cold"
25,Mama Thess Food Corner,469,Cucumber Lemonade L,₱40.00,"Beverage, Cold"
25,Mama Thess Food Corner,470,Special Halo-Halo,₱50.00,"Beverage, Cold"
25,Mama Thess Food Corner,471,Flavored Boneless Chicken w/ Rice,₱65.00,"Rice Meal, Hot"
25,Mama Thess Food Corner,472,Carbonara,₱40.00,Meal
25,Mama Thess Food Corner,473,Pork Menudo w/ Rice ,₱80.00,"Rice Meal, Hot"
25,Mama Thess Food Corner,474,Porksilog,₱75.00,"Rice Meal, Hot"
25,Mama Thess Food Corner,475,Letchon Kawali w/ Rice,₱60.00,"Rice Meal, Hot"
25,Mama Thess Food Corner,476,Porkchop w/ Rice,₱60.00,"Rice Meal, Hot"
25,Mama Thess Food Corner,477,Letchon Paksiw w/ Rice,₱60.00,"Rice Meal, Hot"
25,Mama Thess Food Corner,478,Fried Chicken w/ Rice,₱60.00,"Rice Meal, Hot"
25,Mama Thess Food Corner,479,Cordon Blue w/ Rice,₱60.00,"Rice Meal, Hot"
25,Mama Thess Food Corner,480,Fish Fillet w/ Rice,₱60.00,"Rice Meal, Hot"
25,Mama Thess Food Corner,481,Cheezy Beef w/ Rice,₱60.00,"Rice Meal, Hot"
25,Mama Thess Food Corner,482,Tapa w/ Rice,₱70.00,"Rice Meal, Hot"
25,Mama Thess Food Corner,483,Sisig Tofu w/ Rice,₱40.00,"Rice Meal, Hot"
25,Mama Thess Food Corner,484,Pork Steak w/ Rice,₱60.00,"Rice Meal, Hot"
25,Mama Thess Food Corner,485,Pork Sisig w/ Rice,₱70.00,"Rice Meal, Hot"
25,Mama Thess Food Corner,486,Beef Steak w/ Rice ,₱70.00,"Rice Meal, Hot"
25,Mama Thess Food Corner,487,Pork BBQ w/ Rice,₱60.00,"Rice Meal, Hot"
25,Mama Thess Food Corner,488,Beef Submarine w/ Rice,₱70.00,"Rice Meal, Hot"
25,Mama Thess Food Corner,489,Chicken Submarine w/ Rice,₱60.00,"Rice Meal, Hot"
25,Mama Thess Food Corner,490,Chicken BBQ,₱60.00,"Rice Meal, Hot"
25,Mama Thess Food Corner,491,Tortang Talong w/ Rice,₱65.00,"Rice Meal, Hot"
25,Mama Thess Food Corner,492,Ampalaya w/ Rice,₱50.00,"Rice Meal, Hot"
25,Mama Thess Food Corner,493,Hungarian Sausage w/ Rice,₱60.00,"Rice Meal, Hot"
25,Mama Thess Food Corner,494,Hungarian Sausage w/ Rice & Egg,₱75.00,"Rice Meal, Hot"
25,Mama Thess Food Corner,495,Chicken ala King w/ Rice,₱65.00,"Rice Meal, Hot"
25,Mama Thess Food Corner,496,Chicken ala King w/ Rice & Egg,₱80.00,"Rice Meal, Hot"
26,DONJON,497,Cheese Stick,₱25.00,"Snack, Hot"
26,DONJON,498,Hash Brown,₱25.00,"Snack, Hot"
26,DONJON,499,Beef Tapa w/ Rice,₱75.00,"Rice Meal, Hot"
26,DONJON,500,Bacsilog w/ Rice,₱75.00,"Rice Meal, Hot"
26,DONJON,501,Chicken Poppers Medium w/ Rice ,₱50.00,"Rice Meal, Hot"
26,DONJON,502,Chicken Poppers Large w/ Rice ,₱65.00,"Rice Meal, Hot"
26,DONJON,503,Silog ,₱50.00,"Rice Meal, Hot"
26,DONJON,504,Sausage,₱50.00,"Snack, Hot"
26,DONJON,505,Siomai,₱35.00,"Snack, Hot"
26,DONJON,506,Siomai Rice ,₱50.00,"Rice Meal, Hot"
26,DONJON,507,Beef Burrito,₱75.00,"Snack, Hot"
26,DONJON,508,Budbod Fried Rice w/ Scrambled Egg & Veggies,₱75.00,"Rice Meal, Hot"
26,DONJON,509,Tapa w/ Soup,₱75.00,Meal
26,DONJON,510,Chicken w/ Soup,₱75.00,Meal
26,DONJON,511,Beef Burrito Bacsilog w/ Cheese Sauce Shawarma Rice,₱75.00,"Rice Meal, Hot"
26,DONJON,512,Yang Chao B1T1 w/ Toppings,₱80.00,"Rice Meal, Hot"
26,DONJON,513,Flavored Fries S,₱35.00,"Snack, Hot"
26,DONJON,514,Flavored Fries M,₱60.00,"Snack, Hot"
26,DONJON,515,Flavored Fries L,₱80.00,"Snack, Hot"
26,DONJON,516,Cheese Stick,₱25.00,"Snack, Hot"
26,DONJON,517,Canton,₱30.00,Meal
26,DONJON,518,Macaroni,₱45.00,Meal
26,DONJON,519,Corn Soup,₱20.00,Meal
26,DONJON,520,Egg Waffles w/ Syrup,₱40.00,"Snack, Hot"
26,DONJON,521,Egg Waffles w/ Ice Cream,₱75.00,"Snack, Cold"
26,DONJON,522,Choco Banana,₱70.00,"Snack, Hot"
26,DONJON,523,Brewed Cafe Latte,₱49.00,"Beverage, Cold"
26,DONJON,524,Flavored Fruit Soda,₱35.00,"Beverage, Cold"
26,DONJON,525,Fresh Mango Graham Shake,₱65.00,"Beverage, Cold"
26,DONJON,526,Ice Milo,₱40.00,"Beverage, Cold"
26,DONJON,527,Milo Shake,₱40.00,"Beverage, Cold"
26,DONJON,528,Homemade Sago't Gulaman,₱30.00,"Beverage, Cold"
26,DONJON,529,Softdrinks,₱25.00,"Beverage, Cold"
26,DONJON,530,C2,₱35.00,"Beverage, Cold"
27,Varda,531,Campus Crush Burger,₱110.00,"Snack, Hot"
27,Varda,532,CHKNCHOPS,₱75.00,"Rice Meal, Hot"
27,Varda,533,Coke,₱40.00,"Beverage, Cold"
27,Varda,534,Coke Zero,₱40.00,"Beverage, Cold"
27,Varda,535,Dean''s Burger,₱95.00,"Snack, Hot"
27,Varda,536,Kare-Kare w/ Rice,₱80.00,"Rice Meal, Hot"
27,Varda,537,Mais Con Yelo,₱40.00,"Beverage, Snack, Cold"
27,Varda,538,Quarter Pounder Burger,₱65.00,"Snack, Hot"
27,Varda,539,Royal ,₱40.00,"Beverage, Cold"
27,Varda,540,Saging Con Yelo,₱35.00,"Beverage, Snack, Cold"
27,Varda,541,Sisig w/ Rice,₱65.00,"Rice Meal, Hot"
27,Varda,542,Sprite,₱40.00,"Beverage, Cold"
27,Varda,543,Terror Prof Burger,₱85.00,"Snack, Hot"
27,Varda,544,Quarter Pounder Steak Rice Meal,₱100.00,"Rice Meal, Hot"
27,Varda,545,Fries Regular,₱40.00,"Snack, Hot"
27,Varda,546,Fries Large ,₱60.00,"Snack, Hot"
27,Varda,547,Fries Jumbo,₱90.00,"Snack, Hot"
27,Varda,548,Twister Fries Large,₱70.00,"Snack, Hot"
27,Varda,549,Twister Fries Jumbo,₱120.00,"Snack, Hot"
27,Varda,550,TJ Hotdog Kingsize on Stick,₱40.00,"Snack, Hot"
27,Varda,551,TJ Hotdog Kingsize on Bun,₱45.00,"Snack, Hot"
27,Varda,552,Zipfries Meal,₱55.00,"Snack, Hot"
27,Varda,553,Zipfries Ala Carte,₱65.00,"Snack, Hot"
27,Varda,554,Coffee Bun,₱60.00,Snack
27,Varda,555,Pork Floss,₱50.00,Snack
27,Varda,556,Ube Delight,₱45.00,Snack
27,Varda,557,Blueberry Burst,₱55.00,Snack
27,Varda,558,Tuna Bun,₱50.00,Snack
27,Varda,559,Chicken Stuffed Bun,₱45.00,Snack
27,Varda,560,Ham & Cheese Bun,₱50.00,Snack
27,Varda,561,Caramel Bar,₱35.00,Snack
27,Varda,562,Cinnamon Roll,₱50.00,Snack
27,Varda,563,Cheesy Ensaymada,₱60.00,Snack
27,Varda,564,Potato Crisp,₱25.00,Snack
27,Varda,565,Choco Chip Bun ,₱50.00,Snack
27,Varda,566,Mini Crinkles (6 pcs),₱50.00,Snack